Trial,Seed,name,Depth,Optimal Epoch,Train Accuracy,Test Accuracy,Train F1 Macro,Test F1 Macro,Train Loss,Validation Loss,Train Time,Test Accuracy Time
1,0,blood-transfusion,8,221,0.8021390374331551,0.7807486631016043,0.6512600806451613,0.6272546064465945,0.11748161911964417,0.12405475229024887,4.7392799854278564,0.003712177276611328
2,1,blood-transfusion,8,51,0.7647058823529411,0.7754010695187166,0.5446344568044718,0.5714753382802269,0.12495500594377518,0.13277673721313477,1.2263319492340088,0.00396728515625
3,2,blood-transfusion,8,31,0.7754010695187166,0.7700534759358288,0.5454861111111111,0.5118679050567596,0.12313919514417648,0.13682173192501068,0.8338460922241211,0.0034897327423095703
