Trial,Seed,name,Depth,Optimal Epoch,Train Accuracy,Test Accuracy,Train F1 Macro,Test F1 Macro,Train Loss,Validation Loss,Train Time,Test Accuracy Time
1,0,acute-inflammations-1,8,327,1.0,1.0,1.0,1.0,0.001030901912599802,0.001358464010991156,4.474570035934448,0.0029740333557128906
2,1,acute-inflammations-1,8,349,1.0,1.0,1.0,1.0,0.001247404608875513,0.0013210285687819123,4.791713714599609,0.002811908721923828
3,2,acute-inflammations-1,8,319,1.0,1.0,1.0,1.0,0.0014470849419012666,0.0015926033956930041,4.411465167999268,0.0028731822967529297
