Trial,Seed,name,Depth,Optimal Epoch,Train Accuracy,Test Accuracy,Train F1 Macro,Test F1 Macro,Train Loss,Validation Loss,Train Time,Test Accuracy Time
1,0,acute-inflammations-2,8,362,1.0,1.0,1.0,1.0,0.00029590967460535467,0.0008737034513615072,4.987656831741333,0.0031578540802001953
2,1,acute-inflammations-2,8,304,1.0,1.0,1.0,1.0,0.0015931118978187442,0.001059692702256143,4.203030109405518,0.002838134765625
3,2,acute-inflammations-2,8,333,1.0,1.0,1.0,1.0,0.000923819956369698,0.001183359301649034,4.579602003097534,0.002989053726196289
